{
  "_all": {
    "enabled": false
  },
  "dynamic_templates": [
    {
      "no_thumbnail_template": {
        "mapping": {
          "index": false
        },
        "path_match": "thumb:thumbnail.*"
      }
    },
    {
      "no_picture_template": {
        "mapping": {
          "index": false
        },
        "path_match": "picture:views.*"
      }
    },
    {
      "strings": {
        "mapping": {
          "type": "keyword",
          "copy_to": "all_field",
          "ignore_above": 256
        },
        "match_mapping_type": "string"
      }
    }
  ],
  "properties": {
    "all_field": {
      "type": "text",
      "analyzer": "fulltext"
    },
    "ecm:name": {
      "type": "keyword",
      "ignore_above": 256,
      "copy_to": "all_field"
    },
    "ecm:acl": {
      "type": "keyword"
    },
    "ecm:binarytext": {
      "type": "text",
      "analyzer": "fulltext",
      "copy_to": "all_field"
    },
    "ecm:path": {
      "fields": {
        "children": {
          "type": "text",
          "search_analyzer": "keyword",
          "analyzer": "path_analyzer"
        }
      },
      "type": "keyword"
    },
    "ecm:pos": {
      "type": "integer"
    },
    "ecm:isCheckedIn": {
      "type": "boolean"
    },
    "ecm:isLatestMajorVersion": {
      "type": "boolean"
    },
    "ecm:isLatestVersion": {
      "type": "boolean"
    },
    "ecm:isProxy": {
      "type": "boolean"
    },
    "ecm:isVersion": {
      "type": "boolean"
    },
    "common:icon": {
      "index": false,
      "type": "keyword"
    },
    "dc:title": {
      "type": "text",
      "copy_to": "all_field",
      "fielddata": true,
      "fields": {
        "fulltext": {
          "analyzer": "fulltext",
          "type": "text",
          "boost": 2
        },
        "lower_case_sort": {
          "type":     "text",
          "analyzer": "lowercase_analyzer"
        }
      }
    },
    "dc:description": {
      "type": "keyword",
      "copy_to": "all_field",
      "ignore_above": 32765,
      "fields": {
        "fulltext": {
          "analyzer": "fulltext",
          "type": "text",
          "boost": 1.5
        }
      }
    },
    "dc:created": {
      "type": "date"
    },
    "dc:expired": {
      "type": "date"
    },
    "dc:modified": {
      "type": "date"
    },
    "dc:creator": {
      "type": "keyword",
      "ignore_above": 256
    },
    "dc:lastContributor": {
      "type": "keyword",
      "ignore_above": 256
    },
    "ecm:uuid": {
      "type": "keyword",
      "ignore_above": 256
    },
    "ecm:mixinType": {
      "type": "keyword",
      "ignore_above": 256
    },
    "ecm:currentLifeCycleState": {
      "type": "keyword",
      "ignore_above": 256
    },
    "ecm:versionVersionableId": {
      "type": "keyword",
      "ignore_above": 256
    },
    "ecm:primaryType": {
      "type": "keyword",
      "ignore_above": 256
    },
    "note:note": {
      "type": "keyword",
      "copy_to": "all_field",
      "ignore_above": 256,
      "fields": {
        "fulltext": {
          "analyzer": "fulltext",
          "type": "text"
        }
      }
    },
    "clc:titre" : {
      "type" : "text",
      "copy_to" : "all_field",
      "fielddata":"true",
      "fields" : {
        "lowercase" : {
          "type": "text",
          "analyzer" : "lowercase_analyzer"
        }
      }
    },
    "clc:visibilite" : {
      "type" : "text",
      "copy_to" : "all_field",
      "fielddata":"true",
      "fields" : {
        "lowercase" : {
          "type": "text",
          "analyzer" : "lowercase_analyzer"
        }
      }
    },
    "clc:type" : {
      "type" : "text",
      "copy_to" : "all_field",
      "fielddata":"true",
      "fields" : {
        "lowercase" : {
          "type": "text",
          "analyzer" : "lowercase_analyzer"
        }
      }
    },
    "clc:auteurdoc" : {
      "type" : "text",
      "copy_to" : "all_field",
      "fielddata":"true",
      "fields" : {
        "lowercase" : {
          "type": "text",
          "analyzer" : "lowercase_analyzer"
        }
      }
    },
    "clc:auteurdepot" : {
      "type" : "text",
      "copy_to" : "all_field",
      "fielddata":"true",
      "fields" : {
        "lowercase" : {
          "type": "text",
          "analyzer" : "lowercase_analyzer"
        }
      }
    },
    "clc:contributeurs" : {
      "type" : "text",
      "copy_to" : "all_field",
      "fielddata":"true",
      "fields" : {
        "lowercase" : {
          "type": "text",
          "analyzer" : "lowercase_analyzer"
        }
      }
    },
    "clc:etat" : {
      "type" : "text",
      "copy_to" : "all_field",
      "fielddata":"true",
      "fields" : {
        "lowercase" : {
          "type": "text",
          "analyzer" : "lowercase_analyzer"
        }
      }
    },
    "clc:source" : {
      "type" : "text",
      "copy_to" : "all_field",
      "fielddata":"true",
      "fields" : {
        "lowercase" : {
          "type": "text",
          "analyzer" : "lowercase_analyzer"
        }
      }
    },
    "clc:localisation" : {
      "type" : "text",
      "copy_to" : "all_field",
      "fielddata":"true",
      "fields" : {
        "lowercase" : {
          "type": "text",
          "analyzer" : "lowercase_analyzer"
        }
      }
    },
    "clc:complement" : {
      "type" : "text",
      "copy_to" : "all_field",
      "fielddata":"true",
      "fields" : {
        "lowercase" : {
          "type": "text",
          "analyzer" : "lowercase_analyzer"
        }
      }
    },
    "clc:motscles" : {
      "type" : "text",
      "copy_to" : "all_field",
      "fielddata":"true",
      "fields" : {
        "lowercase" : {
          "type": "text",
          "analyzer" : "lowercase_analyzer"
        }
      }
    },
    "clc:thematique" : {
      "type" : "text",
      "copy_to" : "all_field",
      "fielddata":"true",
      "fields" : {
        "lowercase" : {
          "type": "text",
          "analyzer" : "lowercase_analyzer"
        }
      }
    },
    "clc:entlieux" : {
      "type" : "text",
      "copy_to" : "all_field",
      "fielddata":"true",
      "fields" : {
        "lowercase" : {
          "type": "text",
          "analyzer" : "lowercase_analyzer"
        }
      }
    },
    "clc:entorga" : {
      "type" : "text",
      "copy_to" : "all_field",
      "fielddata":"true",
      "fields" : {
        "lowercase" : {
          "type": "text",
          "analyzer" : "lowercase_analyzer"
        }
      }
    },
    "clc:entperson" : {
      "type" : "text",
      "copy_to" : "all_field",
      "fielddata":"true",
      "fields" : {
        "lowercase" : {
          "type": "text",
          "analyzer" : "lowercase_analyzer"
        }
      }
    },
    "clc:entperson" : {
      "type" : "text",
      "copy_to" : "all_field",
      "fielddata":"true",
      "fields" : {
        "lowercase" : {
          "type": "text",
          "analyzer" : "lowercase_analyzer"
        }
      }
    },
    "clp:cote" : {
      "type" : "text",
      "copy_to" : "all_field",
      "fielddata":"true",
      "fields" : {
        "lowercase" : {
          "type": "text",
          "analyzer" : "lowercase_analyzer"
        }
      }
    },
    "clp:modeacquis" : {
      "type" : "text",
      "copy_to" : "all_field",
      "fielddata":"true",
      "fields" : {
        "lowercase" : {
          "type": "text",
          "analyzer" : "lowercase_analyzer"
        }
      }
    },
    "clp:categpret" : {
      "type" : "text",
      "copy_to" : "all_field",
      "fielddata":"true",
      "fields" : {
        "lowercase" : {
          "type": "text",
          "analyzer" : "lowercase_analyzer"
        }
      }
    },
    "clp:communication" : {
      "type" : "text",
      "copy_to" : "all_field",
      "fielddata":"true",
      "fields" : {
        "lowercase" : {
          "type": "text",
          "analyzer" : "lowercase_analyzer"
        }
      }
    },
    "clp:numsource" : {
      "type" : "text",
      "copy_to" : "all_field",
      "fielddata":"true",
      "fields" : {
        "lowercase" : {
          "type": "text",
          "analyzer" : "lowercase_analyzer"
        }
      }
    },
    "clg:metagen1" : {
      "type" : "text",
      "copy_to" : "all_field",
      "fielddata":"true",
      "fields" : {
        "lowercase" : {
          "type": "text",
          "analyzer" : "lowercase_analyzer"
        }
      }
    },
    "clg:metagen2" : {
      "type" : "text",
      "copy_to" : "all_field",
      "fielddata":"true",
      "fields" : {
        "lowercase" : {
          "type": "text",
          "analyzer" : "lowercase_analyzer"
        }
      }
    },
    "clg:metagen3" : {
      "type" : "text",
      "copy_to" : "all_field",
      "fielddata":"true",
      "fields" : {
        "lowercase" : {
          "type": "text",
          "analyzer" : "lowercase_analyzer"
        }
      }
    },
    "clg:metagen4" : {
      "type" : "text",
      "copy_to" : "all_field",
      "fielddata":"true",
      "fields" : {
        "lowercase" : {
          "type": "text",
          "analyzer" : "lowercase_analyzer"
        }
      }
    },
    "clg:metagen5" : {
      "type" : "text",
      "copy_to" : "all_field",
      "fielddata":"true",
      "fields" : {
        "lowercase" : {
          "type": "text",
          "analyzer" : "lowercase_analyzer"
        }
      }
    },
    "clg:metagen6" : {
      "type" : "text",
      "copy_to" : "all_field",
      "fielddata":"true",
      "fields" : {
        "lowercase" : {
          "type": "text",
          "analyzer" : "lowercase_analyzer"
        }
      }
    },
    "clg:metagen7" : {
      "type" : "text",
      "copy_to" : "all_field",
      "fielddata":"true",
      "fields" : {
        "lowercase" : {
          "type": "text",
          "analyzer" : "lowercase_analyzer"
        }
      }
    },
    "clg:metagen8" : {
      "type" : "text",
      "copy_to" : "all_field",
      "fielddata":"true",
      "fields" : {
        "lowercase" : {
          "type": "text",
          "analyzer" : "lowercase_analyzer"
        }
      }
    },
    "clg:metagen9" : {
      "type" : "text",
      "copy_to" : "all_field",
      "fielddata":"true",
      "fields" : {
        "lowercase" : {
          "type": "text",
          "analyzer" : "lowercase_analyzer"
        }
      }
    },
    "clg:metagen10" : {
      "type" : "text",
      "copy_to" : "all_field",
      "fielddata":"true",
      "fields" : {
        "lowercase" : {
          "type": "text",
          "analyzer" : "lowercase_analyzer"
        }
      }
    },
    "clg:metagen11" : {
      "type" : "text",
      "copy_to" : "all_field",
      "fielddata":"true",
      "fields" : {
        "lowercase" : {
          "type": "text",
          "analyzer" : "lowercase_analyzer"
        }
      }
    },
    "clg:metagen12" : {
      "type" : "text",
      "copy_to" : "all_field",
      "fielddata":"true",
      "fields" : {
        "lowercase" : {
          "type": "text",
          "analyzer" : "lowercase_analyzer"
        }
      }
    },
    "clg:metagen13" : {
      "type" : "text",
      "copy_to" : "all_field",
      "fielddata":"true",
      "fields" : {
        "lowercase" : {
          "type": "text",
          "analyzer" : "lowercase_analyzer"
        }
      }
    },
    "clg:metagen14" : {
      "type" : "text",
      "copy_to" : "all_field",
      "fielddata":"true",
      "fields" : {
        "lowercase" : {
          "type": "text",
          "analyzer" : "lowercase_analyzer"
        }
      }
    },
    "clg:metagen15" : {
      "type" : "text",
      "copy_to" : "all_field",
      "fielddata":"true",
      "fields" : {
        "lowercase" : {
          "type": "text",
          "analyzer" : "lowercase_analyzer"
        }
      }
    },
    "clg:metagen16" : {
      "type" : "text",
      "copy_to" : "all_field",
      "fielddata":"true",
      "fields" : {
        "lowercase" : {
          "type": "text",
          "analyzer" : "lowercase_analyzer"
        }
      }
    },
    "clg:metagen17" : {
      "type" : "text",
      "copy_to" : "all_field",
      "fielddata":"true",
      "fields" : {
        "lowercase" : {
          "type": "text",
          "analyzer" : "lowercase_analyzer"
        }
      }
    },
    "clg:metagen18" : {
      "type" : "text",
      "copy_to" : "all_field",
      "fielddata":"true",
      "fields" : {
        "lowercase" : {
          "type": "text",
          "analyzer" : "lowercase_analyzer"
        }
      }
    },
    "clg:metagen19" : {
      "type" : "text",
      "copy_to" : "all_field",
      "fielddata":"true",
      "fields" : {
        "lowercase" : {
          "type": "text",
          "analyzer" : "lowercase_analyzer"
        }
      }
    },
    "clg:metagen20" : {
      "type" : "text",
      "copy_to" : "all_field",
      "fielddata":"true",
      "fields" : {
        "lowercase" : {
          "type": "text",
          "analyzer" : "lowercase_analyzer"
        }
      }
    },
    "clg:metagen21" : {
      "type" : "text",
      "copy_to" : "all_field",
      "fielddata":"true",
      "fields" : {
        "lowercase" : {
          "type": "text",
          "analyzer" : "lowercase_analyzer"
        }
      }
    },
    "clg:metagen22" : {
      "type" : "text",
      "copy_to" : "all_field",
      "fielddata":"true",
      "fields" : {
        "lowercase" : {
          "type": "text",
          "analyzer" : "lowercase_analyzer"
        }
      }
    },
    "clg:metagen23" : {
      "type" : "text",
      "copy_to" : "all_field",
      "fielddata":"true",
      "fields" : {
        "lowercase" : {
          "type": "text",
          "analyzer" : "lowercase_analyzer"
        }
      }
    },
    "clg:metagen24" : {
      "type" : "text",
      "copy_to" : "all_field",
      "fielddata":"true",
      "fields" : {
        "lowercase" : {
          "type": "text",
          "analyzer" : "lowercase_analyzer"
        }
      }
    },
    "clg:metagen25" : {
      "type" : "text",
      "copy_to" : "all_field",
      "fielddata":"true",
      "fields" : {
        "lowercase" : {
          "type": "text",
          "analyzer" : "lowercase_analyzer"
        }
      }
    },
    "clg:metagen26" : {
      "type" : "text",
      "copy_to" : "all_field",
      "fielddata":"true",
      "fields" : {
        "lowercase" : {
          "type": "text",
          "analyzer" : "lowercase_analyzer"
        }
      }
    },
    "clg:metagen27" : {
      "type" : "text",
      "copy_to" : "all_field",
      "fielddata":"true",
      "fields" : {
        "lowercase" : {
          "type": "text",
          "analyzer" : "lowercase_analyzer"
        }
      }
    },
    "clg:metagen28" : {
      "type" : "text",
      "copy_to" : "all_field",
      "fielddata":"true",
      "fields" : {
        "lowercase" : {
          "type": "text",
          "analyzer" : "lowercase_analyzer"
        }
      }
    },
    "clg:metagen29" : {
      "type" : "text",
      "copy_to" : "all_field",
      "fielddata":"true",
      "fields" : {
        "lowercase" : {
          "type": "text",
          "analyzer" : "lowercase_analyzer"
        }
      }
    },
    "clg:metagen30" : {
      "type" : "text",
      "copy_to" : "all_field",
      "fielddata":"true",
      "fields" : {
        "lowercase" : {
          "type": "text",
          "analyzer" : "lowercase_analyzer"
        }
      }
    },
    "clg:metagen31" : {
      "type" : "text",
      "copy_to" : "all_field",
      "fielddata":"true",
      "fields" : {
        "lowercase" : {
          "type": "text",
          "analyzer" : "lowercase_analyzer"
        }
      }
    },
    "clg:metagen32" : {
      "type" : "text",
      "copy_to" : "all_field",
      "fielddata":"true",
      "fields" : {
        "lowercase" : {
          "type": "text",
          "analyzer" : "lowercase_analyzer"
        }
      }
    },
    "clg:metagen33" : {
      "type" : "text",
      "copy_to" : "all_field",
      "fielddata":"true",
      "fields" : {
        "lowercase" : {
          "type": "text",
          "analyzer" : "lowercase_analyzer"
        }
      }
    },
    "clg:metagen34" : {
      "type" : "text",
      "copy_to" : "all_field",
      "fielddata":"true",
      "fields" : {
        "lowercase" : {
          "type": "text",
          "analyzer" : "lowercase_analyzer"
        }
      }
    },
    "clg:metagen35" : {
      "type" : "text",
      "copy_to" : "all_field",
      "fielddata":"true",
      "fields" : {
        "lowercase" : {
          "type": "text",
          "analyzer" : "lowercase_analyzer"
        }
      }
    },
    "clg:metagen36" : {
      "type" : "text",
      "copy_to" : "all_field",
      "fielddata":"true",
      "fields" : {
        "lowercase" : {
          "type": "text",
          "analyzer" : "lowercase_analyzer"
        }
      }
    },
    "clg:metagen37" : {
      "type" : "text",
      "copy_to" : "all_field",
      "fielddata":"true",
      "fields" : {
        "lowercase" : {
          "type": "text",
          "analyzer" : "lowercase_analyzer"
        }
      }
    },
    "clg:metagen38" : {
      "type" : "text",
      "copy_to" : "all_field",
      "fielddata":"true",
      "fields" : {
        "lowercase" : {
          "type": "text",
          "analyzer" : "lowercase_analyzer"
        }
      }
    },
    "clg:metagen39" : {
      "type" : "text",
      "copy_to" : "all_field",
      "fielddata":"true",
      "fields" : {
        "lowercase" : {
          "type": "text",
          "analyzer" : "lowercase_analyzer"
        }
      }
    },
    "clg:metagen40" : {
      "type" : "text",
      "copy_to" : "all_field",
      "fielddata":"true",
      "fields" : {
        "lowercase" : {
          "type": "text",
          "analyzer" : "lowercase_analyzer"
        }
      }
    },
    "clg:metagen41" : {
      "type" : "text",
      "copy_to" : "all_field",
      "fielddata":"true",
      "fields" : {
        "lowercase" : {
          "type": "text",
          "analyzer" : "lowercase_analyzer"
        }
      }
    },
    "clg:metagen42" : {
      "type" : "text",
      "copy_to" : "all_field",
      "fielddata":"true",
      "fields" : {
        "lowercase" : {
          "type": "text",
          "analyzer" : "lowercase_analyzer"
        }
      }
    },
    "clg:metagen43" : {
      "type" : "text",
      "copy_to" : "all_field",
      "fielddata":"true",
      "fields" : {
        "lowercase" : {
          "type": "text",
          "analyzer" : "lowercase_analyzer"
        }
      }
    },
    "clg:metagen44" : {
      "type" : "text",
      "copy_to" : "all_field",
      "fielddata":"true",
      "fields" : {
        "lowercase" : {
          "type": "text",
          "analyzer" : "lowercase_analyzer"
        }
      }
    },
    "clg:metagen45" : {
      "type" : "text",
      "copy_to" : "all_field",
      "fielddata":"true",
      "fields" : {
        "lowercase" : {
          "type": "text",
          "analyzer" : "lowercase_analyzer"
        }
      }
    },
    "clg:metagen46" : {
      "type" : "text",
      "copy_to" : "all_field",
      "fielddata":"true",
      "fields" : {
        "lowercase" : {
          "type": "text",
          "analyzer" : "lowercase_analyzer"
        }
      }
    },
    "clg:metagen47" : {
      "type" : "text",
      "copy_to" : "all_field",
      "fielddata":"true",
      "fields" : {
        "lowercase" : {
          "type": "text",
          "analyzer" : "lowercase_analyzer"
        }
      }
    },
    "clg:metagen48" : {
      "type" : "text",
      "copy_to" : "all_field",
      "fielddata":"true",
      "fields" : {
        "lowercase" : {
          "type": "text",
          "analyzer" : "lowercase_analyzer"
        }
      }
    },
    "clg:metagen49" : {
      "type" : "text",
      "copy_to" : "all_field",
      "fielddata":"true",
      "fields" : {
        "lowercase" : {
          "type": "text",
          "analyzer" : "lowercase_analyzer"
        }
      }
    },
    "clg:metagen50" : {
      "type" : "text",
      "copy_to" : "all_field",
      "fielddata":"true",
      "fields" : {
        "lowercase" : {
          "type": "text",
          "analyzer" : "lowercase_analyzer"
        }
      }
    },
    "dos:titre" : {
      "type" : "text",
      "copy_to" : "all_field",
      "fielddata":"true",
      "fields" : {
        "lowercase" : {
          "type": "text",
          "analyzer" : "lowercase_analyzer"
        }
      }
    },
    "dos:auteur" : {
      "type" : "text",
      "copy_to" : "all_field",
      "fielddata":"true",
      "fields" : {
        "lowercase" : {
          "type": "text",
          "analyzer" : "lowercase_analyzer"
        }
      }
    },
    "clb:portail" : {
      "type" : "text",
      "copy_to" : "all_field",
      "fielddata":"true",
      "fields" : {
        "lowercase" : {
          "type": "text",
          "analyzer" : "lowercase_analyzer"
        }
      }
    },
    "dos:complement" : {
      "type" : "text",
      "copy_to" : "all_field",
      "fielddata":"true",
      "fields" : {
        "lowercase" : {
          "type": "text",
          "analyzer" : "lowercase_analyzer"
        }
      }
    },
    "dos:motscles" : {
      "type" : "text",
      "copy_to" : "all_field",
      "fielddata":"true",
      "fields" : {
        "lowercase" : {
          "type": "text",
          "analyzer" : "lowercase_analyzer"
        }
      }
    },
    "mxml:data.value" : {
      "type" : "text",
      "copy_to" : "all_field",
      "fielddata":"true",
      "fields" : {
        "lowercase" : {
          "type": "text",
          "analyzer" : "lowercase_analyzer"
        }
      }
    },
    "dc:subjects" : {
      "type" : "text",
      "copy_to" : "all_field",
      "fielddata":"true",
      "fields" : {
        "lowercase" : {
          "type": "text",
          "analyzer" : "lowercase_analyzer"
        }
      }
    },
    "cln:espace" : {
      "type" : "text",
      "copy_to" : "all_field",
      "fielddata":"true",
      "fields" : {
        "lowercase" : {
          "type": "text",
          "analyzer" : "lowercase_analyzer"
        }
      }
    },
    "cln:nxchemin" : {
      "type" : "keyword",
      "fields" : {
        "children" : {
          "type" : "text",
          "search_analyzer" : "keyword",
          "analyzer" : "path_analyzer"
        }
      }
    }
  }
}
